{
    "no_of_videos": 1,
    "info": [
        {
            "shortcode": "CUPWYvoADBa",
            "video_url": "https://scontent-iad3-1.cdninstagram.com/v/t50.2886-16/242597463_575046373617278_7458776929087447659_n.mp4?_nc_ht=scontent-iad3-1.cdninstagram.com&_nc_cat=102&_nc_ohc=8qUocgTuOHQAX8hk7RD&edm=APfKNqwBAAAA&ccb=7-4&oe=615194B5&oh=e46d7d86861f8a720336b958cef79a81&_nc_sid=74f7ba",
            "thumbnail": "https://scontent-iad3-1.cdninstagram.com/v/t51.2885-15/e35/242838057_287980366498327_6836605642150426966_n.jpg?_nc_ht=scontent-iad3-1.cdninstagram.com&_nc_cat=107&_nc_ohc=S_KClDYK2OEAX_mrNHj&edm=APfKNqwBAAAA&ccb=7-4&oh=482ca27685f18171c9cffa74546304a6&oe=61518325&_nc_sid=74f7ba"
        }
    ]
}